{"access_token": "ya29.GlywBbc484VSxL3ghYkro345uLAUIoJzQYROTakUfv53PtcpV_8jKUA-wQbne0Y4VYjpaIDvetf5KgVqxQd684zAKkjnin9VJRWtz4wjAg2vj9kxfr-UOTGDptMpRw", "client_id": "807980760257-kprm1814cqtit6hutmb5i69f51eaudev.apps.googleusercontent.com", "client_secret": "a1NsnNXMz0vF2g1rDylyNBfL", "refresh_token": "1/Ss-NVWn3AI--MvUfqLHOJsGEjwx-VHoZV9S0PIXZvys", "token_expiry": "2018-05-03T14:21:35Z", "token_uri": "https://accounts.google.com/o/oauth2/token", "user_agent": null, "revoke_uri": "https://accounts.google.com/o/oauth2/revoke", "id_token": null, "id_token_jwt": null, "token_response": {"access_token": "ya29.GlywBbc484VSxL3ghYkro345uLAUIoJzQYROTakUfv53PtcpV_8jKUA-wQbne0Y4VYjpaIDvetf5KgVqxQd684zAKkjnin9VJRWtz4wjAg2vj9kxfr-UOTGDptMpRw", "expires_in": 3600, "token_type": "Bearer"}, "scopes": ["https://www.googleapis.com/auth/calendar.readonly"], "token_info_uri": "https://www.googleapis.com/oauth2/v3/tokeninfo", "invalid": false, "_class": "OAuth2Credentials", "_module": "oauth2client.client"}