{"access_token": "ya29.GlywBdtIKRBEBo4Nqhtxdh-W8km2V1YW8eQ5dtPxzbKB__dxF8JviI_vin7wyGH8Kqz9KhrEA0JIksRJ7sJg6mCaltPrs4hPg8YfwXFJUfq9xP9Hy5x6WpxKbJVAoA", "client_id": "807980760257-kprm1814cqtit6hutmb5i69f51eaudev.apps.googleusercontent.com", "client_secret": "a1NsnNXMz0vF2g1rDylyNBfL", "refresh_token": "1/Ss-NVWn3AI--MvUfqLHOJsGEjwx-VHoZV9S0PIXZvys", "token_expiry": "2018-05-03T21:23:07Z", "token_uri": "https://accounts.google.com/o/oauth2/token", "user_agent": null, "revoke_uri": "https://accounts.google.com/o/oauth2/revoke", "id_token": null, "id_token_jwt": null, "token_response": {"access_token": "ya29.GlywBdtIKRBEBo4Nqhtxdh-W8km2V1YW8eQ5dtPxzbKB__dxF8JviI_vin7wyGH8Kqz9KhrEA0JIksRJ7sJg6mCaltPrs4hPg8YfwXFJUfq9xP9Hy5x6WpxKbJVAoA", "expires_in": 3600, "token_type": "Bearer"}, "scopes": ["https://www.googleapis.com/auth/calendar.readonly"], "token_info_uri": "https://www.googleapis.com/oauth2/v3/tokeninfo", "invalid": false, "_class": "OAuth2Credentials", "_module": "oauth2client.client"}