{"access_token": "ya29.GlyoBam3_VQqLSQ-gzdIXX9EsFdAJ8A45SwlnmcnSP04QuAeSh9EOaRaqjso1vJ5aPEMpXzi2rlIsxOyoT62b5_jJC_mdXzo8WHMxVQdmNx4GrOv_MuAykykHmRd0A", "client_id": "807980760257-kprm1814cqtit6hutmb5i69f51eaudev.apps.googleusercontent.com", "client_secret": "a1NsnNXMz0vF2g1rDylyNBfL", "refresh_token": "1/Ss-NVWn3AI--MvUfqLHOJsGEjwx-VHoZV9S0PIXZvys", "token_expiry": "2018-04-25T23:30:58Z", "token_uri": "https://accounts.google.com/o/oauth2/token", "user_agent": null, "revoke_uri": "https://accounts.google.com/o/oauth2/revoke", "id_token": null, "id_token_jwt": null, "token_response": {"access_token": "ya29.GlyoBam3_VQqLSQ-gzdIXX9EsFdAJ8A45SwlnmcnSP04QuAeSh9EOaRaqjso1vJ5aPEMpXzi2rlIsxOyoT62b5_jJC_mdXzo8WHMxVQdmNx4GrOv_MuAykykHmRd0A", "expires_in": 3600, "token_type": "Bearer"}, "scopes": ["https://www.googleapis.com/auth/calendar.readonly"], "token_info_uri": "https://www.googleapis.com/oauth2/v3/tokeninfo", "invalid": false, "_class": "OAuth2Credentials", "_module": "oauth2client.client"}